[
  {
    "Name": "Otto Clay",
    "Age": 61,
    "Country": 6,
    "Address": "Ap #897-1459 Quam Avenue",
    "Married": false
  },
  {
    "Name": "Connor Johnston",
    "Age": 73,
    "Country": 7,
    "Address": "Ap #370-4647 Dis Av.",
    "Married": false
  },
  {
    "Name": "Lacey Hess",
    "Age": 29,
    "Country": 7,
    "Address": "Ap #365-8835 Integer St.",
    "Married": false
  },
  {
    "Name": "Timothy Henson",
    "Age": 78,
    "Country": 1,
    "Address": "911-5143 Luctus Ave",
    "Married": false
  },
  {
    "Name": "Ramona Benton",
    "Age": 43,
    "Country": 5,
    "Address": "Ap #614-689 Vehicula Street",
    "Married": true
  },
  {
    "Name": "Ezra Tillman",
    "Age": 51,
    "Country": 1,
    "Address": "P.O. Box 738, 7583 Quisque St.",
    "Married": true
  },
  {
    "Name": "Dante Carter",
    "Age": 59,
    "Country": 1,
    "Address": "P.O. Box 976, 6316 Lorem, St.",
    "Married": false
  },
  {
    "Name": "Christopher Mcclure",
    "Age": 58,
    "Country": 1,
    "Address": "847-4303 Dictum Av.",
    "Married": true
  },
  {
    "Name": "Ruby Rocha",
    "Age": 62,
    "Country": 2,
    "Address": "5212 Sagittis Ave",
    "Married": false
  },
  {
    "Name": "Imelda Hardin",
    "Age": 39,
    "Country": 5,
    "Address": "719-7009 Auctor Av.",
    "Married": false
  },
  {
    "Name": "Jonah Johns",
    "Age": 28,
    "Country": 5,
    "Address": "P.O. Box 939, 9310 A Ave",
    "Married": false
  },
  {
    "Name": "Herman Rosa",
    "Age": 49,
    "Country": 7,
    "Address": "718-7162 Molestie Av.",
    "Married": true
  },
  {
    "Name": "Arthur Gay",
    "Age": 20,
    "Country": 7,
    "Address": "5497 Neque Street",
    "Married": false
  },
  {
    "Name": "Xena Wilkerson",
    "Age": 63,
    "Country": 1,
    "Address": "Ap #303-6974 Proin Street",
    "Married": true
  },
  {
    "Name": "Lilah Atkins",
    "Age": 33,
    "Country": 5,
    "Address": "622-8602 Gravida Ave",
    "Married": true
  },
  {
    "Name": "Malik Shepard",
    "Age": 59,
    "Country": 1,
    "Address": "967-5176 Tincidunt Av.",
    "Married": false
  },
  {
    "Name": "Keely Silva",
    "Age": 24,
    "Country": 1,
    "Address": "P.O. Box 153, 8995 Praesent Ave",
    "Married": false
  },
  {
    "Name": "Hunter Pate",
    "Age": 73,
    "Country": 7,
    "Address": "P.O. Box 771, 7599 Ante, Road",
    "Married": false
  },
  {
    "Name": "Mikayla Roach",
    "Age": 55,
    "Country": 5,
    "Address": "Ap #438-9886 Donec Rd.",
    "Married": true
  },
  {
    "Name": "Upton Joseph",
    "Age": 48,
    "Country": 4,
    "Address": "Ap #896-7592 Habitant St.",
    "Married": true
  },
  {
    "Name": "Jeanette Pate",
    "Age": 59,
    "Country": 2,
    "Address": "P.O. Box 177, 7584 Amet, St.",
    "Married": false
  },
  {
    "Name": "Kaden Hernandez",
    "Age": 79,
    "Country": 3,
    "Address": "366 Ut St.",
    "Married": true
  },
  {
    "Name": "Kenyon Stevens",
    "Age": 20,
    "Country": 3,
    "Address": "P.O. Box 704, 4580 Gravida Rd.",
    "Married": false
  },
  {
    "Name": "Jerome Harper",
    "Age": 31,
    "Country": 5,
    "Address": "2464 Porttitor Road",
    "Married": false
  },
  {
    "Name": "Jelani Patel",
    "Age": 36,
    "Country": 2,
    "Address": "P.O. Box 541, 5805 Nec Av.",
    "Married": true
  },
  {
    "Name": "Keaton Oconnor",
    "Age": 21,
    "Country": 1,
    "Address": "Ap #657-1093 Nec, Street",
    "Married": false
  },
  {
    "Name": "Bree Johnston",
    "Age": 31,
    "Country": 2,
    "Address": "372-5942 Vulputate Avenue",
    "Married": false
  },
  {
    "Name": "Maisie Hodges",
    "Age": 70,
    "Country": 7,
    "Address": "P.O. Box 445, 3880 Odio, Rd.",
    "Married": false
  },
  {
    "Name": "Kuame Calhoun",
    "Age": 39,
    "Country": 2,
    "Address": "P.O. Box 609, 4105 Rutrum St.",
    "Married": true
  },
  {
    "Name": "Carlos Cameron",
    "Age": 38,
    "Country": 5,
    "Address": "Ap #215-5386 A, Avenue",
    "Married": false
  },
  {
    "Name": "Fulton Parsons",
    "Age": 25,
    "Country": 7,
    "Address": "P.O. Box 523, 3705 Sed Rd.",
    "Married": false
  },
  {
    "Name": "Wallace Christian",
    "Age": 43,
    "Country": 3,
    "Address": "416-8816 Mauris Avenue",
    "Married": true
  },
  {
    "Name": "Caryn Maldonado",
    "Age": 40,
    "Country": 1,
    "Address": "108-282 Nonummy Ave",
    "Married": false
  },
  {
    "Name": "Whilemina Frank",
    "Age": 20,
    "Country": 7,
    "Address": "P.O. Box 681, 3938 Egestas. Av.",
    "Married": true
  },
  {
    "Name": "Emery Moon",
    "Age": 41,
    "Country": 4,
    "Address": "Ap #717-8556 Non Road",
    "Married": true
  },
  {
    "Name": "Price Watkins",
    "Age": 35,
    "Country": 4,
    "Address": "832-7810 Nunc Rd.",
    "Married": false
  },
  {
    "Name": "Lydia Castillo",
    "Age": 59,
    "Country": 7,
    "Address": "5280 Placerat, Ave",
    "Married": true
  },
  {
    "Name": "Lawrence Conway",
    "Age": 53,
    "Country": 1,
    "Address": "Ap #452-2808 Imperdiet St.",
    "Married": false
  },
  {
    "Name": "Kalia Nicholson",
    "Age": 67,
    "Country": 5,
    "Address": "P.O. Box 871, 3023 Tellus Road",
    "Married": true
  },
  {
    "Name": "Brielle Baxter",
    "Age": 45,
    "Country": 3,
    "Address": "Ap #822-9526 Ut, Road",
    "Married": true
  },
  {
    "Name": "Valentine Brady",
    "Age": 72,
    "Country": 7,
    "Address": "8014 Enim. Road",
    "Married": true
  },
  {
    "Name": "Rebecca Gardner",
    "Age": 57,
    "Country": 4,
    "Address": "8655 Arcu. Road",
    "Married": true
  },
  {
    "Name": "Vladimir Tate",
    "Age": 26,
    "Country": 1,
    "Address": "130-1291 Non, Rd.",
    "Married": true
  },
  {
    "Name": "Vernon Hays",
    "Age": 56,
    "Country": 4,
    "Address": "964-5552 In Rd.",
    "Married": true
  },
  {
    "Name": "Allegra Hull",
    "Age": 22,
    "Country": 4,
    "Address": "245-8891 Donec St.",
    "Married": true
  },
  {
    "Name": "Hu Hendrix",
    "Age": 65,
    "Country": 7,
    "Address": "428-5404 Tempus Ave",
    "Married": true
  }
]
 
